,Jitter %,Jitter %,Jitter %,Jitter %,Jitter %,Jitter %,Jitter %,Jitter %,Jitter ms,Jitter ms,Jitter ms,Jitter ms,Jitter ms,Jitter ms,Jitter ms,Jitter ms,Jitter r.a.p,Jitter r.a.p,Jitter r.a.p,Jitter r.a.p,Jitter r.a.p,Jitter r.a.p,Jitter r.a.p,Jitter r.a.p,Jitter p.p.q.5,Jitter p.p.q.5,Jitter p.p.q.5,Jitter p.p.q.5,Jitter p.p.q.5,Jitter p.p.q.5,Jitter p.p.q.5,Jitter p.p.q.5,Jitter d.d.p,Jitter d.d.p,Jitter d.d.p,Jitter d.d.p,Jitter d.d.p,Jitter d.d.p,Jitter d.d.p,Jitter d.d.p
,count,mean,std,min,25%,50%,75%,max,count,mean,std,min,25%,50%,75%,max,count,mean,std,min,25%,50%,75%,max,count,mean,std,min,25%,50%,75%,max,count,mean,std,min,25%,50%,75%,max
PD indicator,,,,,,,,,,,,,,,,,,,,,,,,,,,,,,,,,,,,,,,,
Healthy,520.0,2.5074211538461535,1.8311703653855098,0.19,1.3817499999999998,2.2140000000000004,3.052,14.376,520.0,0.00015262878076923077,9.602742572186757e-05,6.495e-06,8.672825e-05,0.000134115,0.00020246925000000002,0.000776606,520.0,1.1382442307692306,1.027124361840993,0.084,0.528,0.907,1.4009999999999998,8.016,520.0,1.2220622307692308,1.2348415261002226,0.081,0.5782499999999999,0.9675,1.46725,13.542,520.0,3.414746153846154,3.081447518025184,0.252,1.584,2.7199999999999998,4.204,24.048
PD,519.0,2.8542516377649325,1.681113428088835,0.195,1.7175,2.627,3.6475,10.439,519.0,0.00018835590751445084,0.00011330968582695748,9.967e-06,0.00010464,0.000169355,0.00025794049999999997,0.000712761,519.0,1.3567398073217727,0.9181800927236953,0.062,0.7525,1.179,1.7805,6.125,519.0,1.4759033526011562,1.019948317300833,0.091,0.8025,1.257,1.9315,7.205,519.0,4.070213564547206,2.7545799524760968,0.185,2.2575000000000003,3.538,5.3415,18.375
