,Median Pitch,Median Pitch,Median Pitch,Median Pitch,Median Pitch,Median Pitch,Median Pitch,Median Pitch,Mean Pitch,Mean Pitch,Mean Pitch,Mean Pitch,Mean Pitch,Mean Pitch,Mean Pitch,Mean Pitch,SD Pitch,SD Pitch,SD Pitch,SD Pitch,SD Pitch,SD Pitch,SD Pitch,SD Pitch,Minimum Pitch,Minimum Pitch,Minimum Pitch,Minimum Pitch,Minimum Pitch,Minimum Pitch,Minimum Pitch,Minimum Pitch,Maximum Pitch,Maximum Pitch,Maximum Pitch,Maximum Pitch,Maximum Pitch,Maximum Pitch,Maximum Pitch,Maximum Pitch
,count,mean,std,min,25%,50%,75%,max,count,mean,std,min,25%,50%,75%,max,count,mean,std,min,25%,50%,75%,max,count,mean,std,min,25%,50%,75%,max,count,mean,std,min,25%,50%,75%,max
PD indicator,,,,,,,,,,,,,,,,,,,,,,,,,,,,,,,,,,,,,,,,
Healthy,520.0,168.08427500000002,63.59344246731188,93.047,124.907,156.64600000000002,190.327,468.618,520.0,174.50487307692308,61.86103671560266,93.447,129.326,162.3015,204.517,470.456,520.0,31.98560384615385,38.40282628137767,0.626,7.797,14.972000000000001,35.996750000000006,162.396,520.0,137.31806923076923,50.77282140774064,70.502,101.1725,128.5395,160.40775,452.083,520.0,251.81048076923074,130.5117849657555,100.01,148.15300000000002,202.0645,323.134,526.41
PD,519.0,158.6371117533719,46.88631917939518,81.46,122.895,147.062,195.1715,446.381,519.0,162.9468408477842,48.80790852619259,82.363,125.3095,150.213,199.9085,447.298,519.0,23.134103044315992,34.35218661784514,0.533,7.0169999999999995,10.805,21.7955,293.877,519.0,131.73795730250484,42.93206927500399,67.957,99.7065,124.099,156.73149999999998,440.262,519.0,218.0000067052023,109.48214604037591,85.541,141.43099999999998,187.183,243.32049999999998,597.974
