,Pulse (no),Pulse (no),Pulse (no),Pulse (no),Pulse (no),Pulse (no),Pulse (no),Pulse (no),Pulse (No. of periods),Pulse (No. of periods),Pulse (No. of periods),Pulse (No. of periods),Pulse (No. of periods),Pulse (No. of periods),Pulse (No. of periods),Pulse (No. of periods),Pulse (mean period),Pulse (mean period),Pulse (mean period),Pulse (mean period),Pulse (mean period),Pulse (mean period),Pulse (mean period),Pulse (mean period),Pulse (SD period),Pulse (SD period),Pulse (SD period),Pulse (SD period),Pulse (SD period),Pulse (SD period),Pulse (SD period),Pulse (SD period)
,count,mean,std,min,25%,50%,75%,max,count,mean,std,min,25%,50%,75%,max,count,mean,std,min,25%,50%,75%,max,count,mean,std,min,25%,50%,75%,max
PD indicator,,,,,,,,,,,,,,,,,,,,,,,,,,,,,,,,
Healthy,520.0,103.59038461538462,114.5002692605485,5.0,42.75,62.0,118.0,805.0,520.0,98.93461538461538,113.04104133820925,4.0,40.0,58.5,111.25,798.0,520.0,0.006393351476923076,0.001871995846821583,0.002038552,0.00503456625,0.006147019,0.00775444075,0.010836948,520.0,0.0008850162269230769,0.0007075776603359656,5.7156e-05,0.00042803975,0.00066308,0.00105345675,0.004074831
PD,519.0,115.8131021194605,178.69405526723216,0.0,42.5,67.0,111.0,1490.0,519.0,112.91522157996147,178.53243581092508,0.0,41.0,65.0,109.0,1489.0,519.0,0.006701088955684008,0.0018694645528977774,0.00221069,0.0050702175,0.006673494,0.0079863045,0.012070196,519.0,0.0008007813468208092,0.0007369829414392067,5.5347e-05,0.0003831685,0.000618711,0.000895608,0.006371201
