,Shimmer %,Shimmer %,Shimmer %,Shimmer %,Shimmer %,Shimmer %,Shimmer %,Shimmer %,Shimmer dB,Shimmer dB,Shimmer dB,Shimmer dB,Shimmer dB,Shimmer dB,Shimmer dB,Shimmer dB,Shimmer a.p.q.3,Shimmer a.p.q.3,Shimmer a.p.q.3,Shimmer a.p.q.3,Shimmer a.p.q.3,Shimmer a.p.q.3,Shimmer a.p.q.3,Shimmer a.p.q.3,Shimmer a.p.q.5,Shimmer a.p.q.5,Shimmer a.p.q.5,Shimmer a.p.q.5,Shimmer a.p.q.5,Shimmer a.p.q.5,Shimmer a.p.q.5,Shimmer a.p.q.5,Shimmer a.p.q.11,Shimmer a.p.q.11,Shimmer a.p.q.11,Shimmer a.p.q.11,Shimmer a.p.q.11,Shimmer a.p.q.11,Shimmer a.p.q.11,Shimmer a.p.q.11,Shimmer d.d.a,Shimmer d.d.a,Shimmer d.d.a,Shimmer d.d.a,Shimmer d.d.a,Shimmer d.d.a,Shimmer d.d.a,Shimmer d.d.a
,count,mean,std,min,25%,50%,75%,max,count,mean,std,min,25%,50%,75%,max,count,mean,std,min,25%,50%,75%,max,count,mean,std,min,25%,50%,75%,max,count,mean,std,min,25%,50%,75%,max,count,mean,std,min,25%,50%,75%,max
PD indicator,,,,,,,,,,,,,,,,,,,,,,,,,,,,,,,,,,,,,,,,,,,,,,,,
Healthy,520.0,12.86900576923077,6.108740731731836,1.185,8.767999999999999,11.785,15.544,39.874,520.0,1.1834788461538464,0.46836111540819847,0.103,0.887,1.138,1.4124999999999999,2.721,520.0,5.754318846153846,3.467098541196189,0.496,3.4865,4.8865,7.114,25.82,520.0,8.092812196153846,5.877319504466461,0.708,4.82,6.644,9.685749999999999,72.86,520.0,11.335434404288463,5.555172547705815,0.982,7.50425,10.7755,13.724,41.28,520.0,17.263008461538462,10.401284100816653,1.488,10.4605,14.659500000000001,21.341250000000002,77.459
PD,519.0,12.976703737957612,4.710630190309356,2.171,10.156500000000001,12.807,15.343499999999999,41.137,519.0,1.2071349518304433,0.3654318635938568,0.229,1.0,1.226,1.4064999999999999,2.689,519.0,5.647054874759153,2.4865345815018487,0.565,3.989,5.263,6.813000000000001,16.641,519.0,7.8805831295568405,3.5142607839021687,1.025,5.474,7.461,9.52562,31.75,519.0,13.107382268265896,6.328493419169364,0.517,8.9845,12.105,16.253999999999998,44.764,519.0,16.941189055876684,7.459593396140783,1.696,11.9665,15.789,20.4385,49.922
